wave,download_batch,source_type,bundle_slug,bundle_title,bundle_url,product_id,entrepedia_title,entrepedia_url,entrepedia_format,imu_type,imu_category,imu_title,imu_summary,status,staging_hint
1,1,bundle_product,the-cash-flow-system-for-small-businesses,The Cash Flow System for Small Businesses,https://www.entrepedia.co/library/bundles/the-cash-flow-system-for-small-businesses,af0b575d-d13d-4b36-bd05-72c4fcb5593d,Business Cash Control,https://www.entrepedia.co/library/product/af0b575d-d13d-4b36-bd05-72c4fcb5593d,Audio,audio,wealth-creation,Business Cash Control,Part of Cash Flow Desk for Operators: Business Cash Control.,downloaded,iMU-import\batch-1\the-cash-flow-system-for-small-businesses
1,1,bundle_product,the-cash-flow-system-for-small-businesses,The Cash Flow System for Small Businesses,https://www.entrepedia.co/library/bundles/the-cash-flow-system-for-small-businesses,1ab9761e-476a-446e-b7be-224031cb36b7,7 Cash Flow Mistakes That Sink Profitable Businesses,https://www.entrepedia.co/library/product/1ab9761e-476a-446e-b7be-224031cb36b7,Listicle,guide,wealth-creation,7 Cash Flow Mistakes That Sink Profitable Businesses,Part of Cash Flow Desk for Operators: 7 Cash Flow Mistakes That Sink Profitable Businesses.,downloaded,iMU-import\batch-1\the-cash-flow-system-for-small-businesses
1,1,bundle_product,the-cash-flow-system-for-small-businesses,The Cash Flow System for Small Businesses,https://www.entrepedia.co/library/bundles/the-cash-flow-system-for-small-businesses,2d160c1b-e470-4e4a-a7d4-5807c9b55dbb,Master Your Cash Flow in 7 Days,https://www.entrepedia.co/library/product/2d160c1b-e470-4e4a-a7d4-5807c9b55dbb,Mini-Course,course,wealth-creation,Master Your Cash Flow in 7 Days,Part of Cash Flow Desk for Operators: Master Your Cash Flow in 7 Days.,downloaded,iMU-import\batch-1\the-cash-flow-system-for-small-businesses
1,1,bundle_product,the-cash-flow-system-for-small-businesses,The Cash Flow System for Small Businesses,https://www.entrepedia.co/library/bundles/the-cash-flow-system-for-small-businesses,8e36c202-0313-483b-8158-4ed9687cffb5,Control Your Business Cash Flow,https://www.entrepedia.co/library/product/8e36c202-0313-483b-8158-4ed9687cffb5,Prompt Pack,guide,wealth-creation,Control Your Business Cash Flow,Part of Cash Flow Desk for Operators: Control Your Business Cash Flow.,downloaded,iMU-import\batch-1\the-cash-flow-system-for-small-businesses
1,1,bundle_product,the-cash-flow-system-for-small-businesses,The Cash Flow System for Small Businesses,https://www.entrepedia.co/library/bundles/the-cash-flow-system-for-small-businesses,24ef61c3-d2a2-4868-90e9-46a84748aa41,The Weekend Cash Control Setup,https://www.entrepedia.co/library/product/24ef61c3-d2a2-4868-90e9-46a84748aa41,Guide,guide,wealth-creation,Weekend Cash Control Setup,Part of Cash Flow Desk for Operators: The Weekend Cash Control Setup.,downloaded,iMU-import\batch-1\the-cash-flow-system-for-small-businesses
1,1,bundle_product,the-cash-flow-system-for-small-businesses,The Cash Flow System for Small Businesses,https://www.entrepedia.co/library/bundles/the-cash-flow-system-for-small-businesses,5331a4f2-77c7-421d-84f1-a6e391555bc8,Red Light Emergency Protocol,https://www.entrepedia.co/library/product/5331a4f2-77c7-421d-84f1-a6e391555bc8,Checklist,guide,wealth-creation,Red Light Emergency Protocol,Part of Cash Flow Desk for Operators: Red Light Emergency Protocol.,downloaded,iMU-import\batch-1\the-cash-flow-system-for-small-businesses
1,1,bundle_product,the-cash-flow-system-for-small-businesses,The Cash Flow System for Small Businesses,https://www.entrepedia.co/library/bundles/the-cash-flow-system-for-small-businesses,a5a8efa2-7cc4-498a-9b16-9a5b2bd895ed,The Cash Flow System for Small Businesses,https://www.entrepedia.co/library/product/a5a8efa2-7cc4-498a-9b16-9a5b2bd895ed,Book,book,wealth-creation,Cash Flow Desk for Operators,"Track, forecast, and stabilize business cash so growth does not starve the desk.",downloaded,iMU-import\batch-1\the-cash-flow-system-for-small-businesses
1,1,bundle_product,the-first-time-entrepreneur-launchpad,The First-Time Entrepreneur Launchpad,https://www.entrepedia.co/library/bundles/the-first-time-entrepreneur-launchpad,b0f310fd-7892-4f76-a1c2-e19907339cbb,The Entrepreneur Starting Line,https://www.entrepedia.co/library/product/b0f310fd-7892-4f76-a1c2-e19907339cbb,Book,book,wealth-creation,Entrepreneur Starting Line,Part of First Seat Launchpad: The Entrepreneur Starting Line.,downloaded,iMU-import\batch-1\the-first-time-entrepreneur-launchpad
1,1,bundle_product,the-first-time-entrepreneur-launchpad,The First-Time Entrepreneur Launchpad,https://www.entrepedia.co/library/bundles/the-first-time-entrepreneur-launchpad,333d4f38-adad-44f5-8054-58b1cdd14d7b,21 Money Traps That Kill First-Time Businesses Before They Start,https://www.entrepedia.co/library/product/333d4f38-adad-44f5-8054-58b1cdd14d7b,Book,book,wealth-creation,21 Money Traps That Kill First-Time Businesses Before They Start,Part of First Seat Launchpad: 21 Money Traps That Kill First-Time Businesses Before They Start.,downloaded,iMU-import\batch-1\the-first-time-entrepreneur-launchpad
1,1,bundle_product,the-first-time-entrepreneur-launchpad,The First-Time Entrepreneur Launchpad,https://www.entrepedia.co/library/bundles/the-first-time-entrepreneur-launchpad,274850ee-c849-4f8c-b8e6-d033d284c126,Get Your First Paying Customer,https://www.entrepedia.co/library/product/274850ee-c849-4f8c-b8e6-d033d284c126,Book,book,wealth-creation,Get Your First Paying Customer,Part of First Seat Launchpad: Get Your First Paying Customer.,downloaded,iMU-import\batch-1\the-first-time-entrepreneur-launchpad
1,1,bundle_product,the-first-time-entrepreneur-launchpad,The First-Time Entrepreneur Launchpad,https://www.entrepedia.co/library/bundles/the-first-time-entrepreneur-launchpad,4aab5077-1926-4d8f-a364-3f0d8fb0ac8a,First-Time Entrepreneurs Launch Assistant,https://www.entrepedia.co/library/product/4aab5077-1926-4d8f-a364-3f0d8fb0ac8a,Prompt Pack,guide,wealth-creation,First-Time Entrepreneurs Launch Assistant,Part of First Seat Launchpad: First-Time Entrepreneurs Launch Assistant.,downloaded,iMU-import\batch-1\the-first-time-entrepreneur-launchpad
1,1,bundle_product,the-first-time-entrepreneur-launchpad,The First-Time Entrepreneur Launchpad,https://www.entrepedia.co/library/bundles/the-first-time-entrepreneur-launchpad,39abbf1c-1b66-4d6c-b61b-e29418fa44c6,The Three-Number Pricing Formula,https://www.entrepedia.co/library/product/39abbf1c-1b66-4d6c-b61b-e29418fa44c6,Book,book,wealth-creation,Three-Number Pricing Formula,Part of First Seat Launchpad: The Three-Number Pricing Formula.,downloaded,iMU-import\batch-1\the-first-time-entrepreneur-launchpad
1,1,bundle_product,the-first-time-entrepreneur-launchpad,The First-Time Entrepreneur Launchpad,https://www.entrepedia.co/library/bundles/the-first-time-entrepreneur-launchpad,4c3edb46-e7b5-48b8-bb66-bc7f8afc0feb,Minimum Viable Offer Design,https://www.entrepedia.co/library/product/4c3edb46-e7b5-48b8-bb66-bc7f8afc0feb,Book,book,wealth-creation,Minimum Viable Offer Design,Part of First Seat Launchpad: Minimum Viable Offer Design.,downloaded,iMU-import\batch-1\the-first-time-entrepreneur-launchpad
1,1,bundle_product,the-first-time-entrepreneur-launchpad,The First-Time Entrepreneur Launchpad,https://www.entrepedia.co/library/bundles/the-first-time-entrepreneur-launchpad,f3efc6bf-23ba-4c7d-ba52-d343c35a9f1f,The 30-Day Lean Launch Plan,https://www.entrepedia.co/library/product/f3efc6bf-23ba-4c7d-ba52-d343c35a9f1f,Mini-Course,course,wealth-creation,30-Day Lean Launch Plan,Part of First Seat Launchpad: The 30-Day Lean Launch Plan.,downloaded,iMU-import\batch-1\the-first-time-entrepreneur-launchpad
1,1,bundle_product,the-first-time-entrepreneur-launchpad,The First-Time Entrepreneur Launchpad,https://www.entrepedia.co/library/bundles/the-first-time-entrepreneur-launchpad,9cac05cf-3b04-4f50-ba37-8cd2ea37f08e,The First-Time Entrepreneur Launchpad,https://www.entrepedia.co/library/product/9cac05cf-3b04-4f50-ba37-8cd2ea37f08e,Mini-Course,course,wealth-creation,First Seat Launchpad,"Lean offer, pricing, and first-customer path for founders opening their first desk.",downloaded,iMU-import\batch-1\the-first-time-entrepreneur-launchpad
1,1,bundle_product,package-what-you-know-into-a-high-ticket-offer,Package What You Know Into a High-Ticket Offer,https://www.entrepedia.co/library/bundles/package-what-you-know-into-a-high-ticket-offer,63ce6ea6-5f68-47ac-b8d7-94d6b57e0826,The Scalable Expert Model,https://www.entrepedia.co/library/product/63ce6ea6-5f68-47ac-b8d7-94d6b57e0826,Book,book,marketing,Scalable Expert Model,Part of High-Ticket Offer Packaging: The Scalable Expert Model.,downloaded,iMU-import\batch-1\package-what-you-know-into-a-high-ticket-offer
1,1,bundle_product,package-what-you-know-into-a-high-ticket-offer,Package What You Know Into a High-Ticket Offer,https://www.entrepedia.co/library/bundles/package-what-you-know-into-a-high-ticket-offer,d8b5afba-ad0b-4470-979c-21544f2c8c9c,13 Signs Your Offer Is Ready for Premium Pricing,https://www.entrepedia.co/library/product/d8b5afba-ad0b-4470-979c-21544f2c8c9c,Listicle,guide,marketing,13 Signs Your Offer Is Ready for Premium Pricing,Part of High-Ticket Offer Packaging: 13 Signs Your Offer Is Ready for Premium Pricing.,downloaded,iMU-import\batch-1\package-what-you-know-into-a-high-ticket-offer
1,1,bundle_product,package-what-you-know-into-a-high-ticket-offer,Package What You Know Into a High-Ticket Offer,https://www.entrepedia.co/library/bundles/package-what-you-know-into-a-high-ticket-offer,b0773f41-e5c2-4f41-8e4a-822de328e6b1,Launch Your First High-Ticket Offer,https://www.entrepedia.co/library/product/b0773f41-e5c2-4f41-8e4a-822de328e6b1,Mini-Course,course,marketing,Launch Your First High-Ticket Offer,Part of High-Ticket Offer Packaging: Launch Your First High-Ticket Offer.,downloaded,iMU-import\batch-1\package-what-you-know-into-a-high-ticket-offer
1,1,bundle_product,package-what-you-know-into-a-high-ticket-offer,Package What You Know Into a High-Ticket Offer,https://www.entrepedia.co/library/bundles/package-what-you-know-into-a-high-ticket-offer,a183bb60-6289-45d9-80c3-f99d8db2d5a0,Build Your High-Ticket Service Business,https://www.entrepedia.co/library/product/a183bb60-6289-45d9-80c3-f99d8db2d5a0,Mini-Course,course,marketing,Build Your High-Ticket Service Business,Part of High-Ticket Offer Packaging: Build Your High-Ticket Service Business.,downloaded,iMU-import\batch-1\package-what-you-know-into-a-high-ticket-offer
1,1,bundle_product,package-what-you-know-into-a-high-ticket-offer,Package What You Know Into a High-Ticket Offer,https://www.entrepedia.co/library/bundles/package-what-you-know-into-a-high-ticket-offer,43eb991c-e70b-41e7-8bd7-a8ac3f2e70bc,From Hourly to Value-Based Pricing,https://www.entrepedia.co/library/product/43eb991c-e70b-41e7-8bd7-a8ac3f2e70bc,Book,book,marketing,From Hourly to Value-Based Pricing,Part of High-Ticket Offer Packaging: From Hourly to Value-Based Pricing.,downloaded,iMU-import\batch-1\package-what-you-know-into-a-high-ticket-offer
1,1,bundle_product,package-what-you-know-into-a-high-ticket-offer,Package What You Know Into a High-Ticket Offer,https://www.entrepedia.co/library/bundles/package-what-you-know-into-a-high-ticket-offer,2c7ba419-201f-4023-aff1-2e9834420ffd,The Scalable Service Delivery Setup,https://www.entrepedia.co/library/product/2c7ba419-201f-4023-aff1-2e9834420ffd,Guide,guide,marketing,Scalable Service Delivery Setup,Part of High-Ticket Offer Packaging: The Scalable Service Delivery Setup.,downloaded,iMU-import\batch-1\package-what-you-know-into-a-high-ticket-offer
1,1,bundle_product,package-what-you-know-into-a-high-ticket-offer,Package What You Know Into a High-Ticket Offer,https://www.entrepedia.co/library/bundles/package-what-you-know-into-a-high-ticket-offer,df67aed0-3390-44c0-9e86-ddd760c358ff,Package What You Know Into a High-Ticket Offer,https://www.entrepedia.co/library/product/df67aed0-3390-44c0-9e86-ddd760c358ff,Book,book,marketing,High-Ticket Offer Packaging,"Turn expertise into a premium, deliverable offer with value-based pricing.",downloaded,iMU-import\batch-1\package-what-you-know-into-a-high-ticket-offer
1,2,bundle_product,build-an-ecommerce-store-that-sells,Build an Ecommerce Store That Sells,https://www.entrepedia.co/library/bundles/build-an-ecommerce-store-that-sells,59d734a2-7a20-415c-a76b-be9f42a352b5,Stores That Convert,https://www.entrepedia.co/library/product/59d734a2-7a20-415c-a76b-be9f42a352b5,Book,book,e-commerce,Stores That Convert,Part of Store That Converts: Stores That Convert.,uploaded,iMU-import\batch-2\build-an-ecommerce-store-that-sells
1,2,bundle_product,build-an-ecommerce-store-that-sells,Build an Ecommerce Store That Sells,https://www.entrepedia.co/library/bundles/build-an-ecommerce-store-that-sells,ec083bc3-6876-43bd-9eed-7b91ca2d4c9b,7 Conversion Killers Hiding on Your Product Pages,https://www.entrepedia.co/library/product/ec083bc3-6876-43bd-9eed-7b91ca2d4c9b,Listicle,guide,e-commerce,7 Conversion Killers Hiding on Your Product Pages,Part of Store That Converts: 7 Conversion Killers Hiding on Your Product Pages.,uploaded,iMU-import\batch-2\build-an-ecommerce-store-that-sells
1,2,bundle_product,build-an-ecommerce-store-that-sells,Build an Ecommerce Store That Sells,https://www.entrepedia.co/library/bundles/build-an-ecommerce-store-that-sells,d1508d50-285d-4265-a4f1-48efc8f7c712,7-day Store Transformation,https://www.entrepedia.co/library/product/d1508d50-285d-4265-a4f1-48efc8f7c712,Mini-Course,course,e-commerce,7-day Store Transformation,Part of Store That Converts: 7-day Store Transformation.,uploaded,iMU-import\batch-2\build-an-ecommerce-store-that-sells
1,2,bundle_product,build-an-ecommerce-store-that-sells,Build an Ecommerce Store That Sells,https://www.entrepedia.co/library/bundles/build-an-ecommerce-store-that-sells,b4c8f7d3-6a14-4acd-b29d-3c3f1a58472b,The E-Commerce Store Architect,https://www.entrepedia.co/library/product/b4c8f7d3-6a14-4acd-b29d-3c3f1a58472b,Book,book,e-commerce,E-Commerce Store Architect,Part of Store That Converts: The E-Commerce Store Architect.,uploaded,iMU-import\batch-2\build-an-ecommerce-store-that-sells
1,2,bundle_product,build-an-ecommerce-store-that-sells,Build an Ecommerce Store That Sells,https://www.entrepedia.co/library/bundles/build-an-ecommerce-store-that-sells,afcd3cf8-44c1-44f5-9d0a-f9efcbb30498,Site Speed Optimization for Non-Technical Store Owners,https://www.entrepedia.co/library/product/afcd3cf8-44c1-44f5-9d0a-f9efcbb30498,Book,book,e-commerce,Site Speed Optimization for Non-Technical Store Owners,Part of Store That Converts: Site Speed Optimization for Non-Technical Store Owners.,uploaded,iMU-import\batch-2\build-an-ecommerce-store-that-sells
1,2,bundle_product,build-an-ecommerce-store-that-sells,Build an Ecommerce Store That Sells,https://www.entrepedia.co/library/bundles/build-an-ecommerce-store-that-sells,7c3b20c9-e03e-4c37-84e4-bc27a7197e74,Pre-Launch Store Validation,https://www.entrepedia.co/library/product/7c3b20c9-e03e-4c37-84e4-bc27a7197e74,Mini-Course,course,e-commerce,Pre-Launch Store Validation,Part of Store That Converts: Pre-Launch Store Validation.,uploaded,iMU-import\batch-2\build-an-ecommerce-store-that-sells
1,2,bundle_product,build-an-ecommerce-store-that-sells,Build an Ecommerce Store That Sells,https://www.entrepedia.co/library/bundles/build-an-ecommerce-store-that-sells,d21fb0af-ca9e-4940-9ab1-b6783e818144,Build an Ecommerce Store That Sells,https://www.entrepedia.co/library/product/d21fb0af-ca9e-4940-9ab1-b6783e818144,Book,book,e-commerce,Store That Converts,"Conversion, speed, and validation for e-commerce desks that need paid traffic to pay back.",uploaded,iMU-import\batch-2\build-an-ecommerce-store-that-sells
1,2,bundle_product,the-psychology-of-closing,The Psychology of Closing,https://www.entrepedia.co/library/bundles/the-psychology-of-closing,d1bbc971-9e27-475a-ab9b-0edb572054ce,The Confident Closer,https://www.entrepedia.co/library/product/d1bbc971-9e27-475a-ab9b-0edb572054ce,Book,book,marketing,Confident Closer,Part of Closing Psychology: The Confident Closer.,uploaded,iMU-import\batch-2\the-psychology-of-closing
1,2,bundle_product,the-psychology-of-closing,The Psychology of Closing,https://www.entrepedia.co/library/bundles/the-psychology-of-closing,5387da19-5fbf-482c-80f2-4d6d482c63f6,21 Objections That Actually Mean They Want to Buy,https://www.entrepedia.co/library/product/5387da19-5fbf-482c-80f2-4d6d482c63f6,Book,book,marketing,21 Objections That Actually Mean They Want to Buy,Part of Closing Psychology: 21 Objections That Actually Mean They Want to Buy.,uploaded,iMU-import\batch-2\the-psychology-of-closing
1,2,bundle_product,the-psychology-of-closing,The Psychology of Closing,https://www.entrepedia.co/library/bundles/the-psychology-of-closing,3099e72e-b64a-439a-abf4-7d0949b0e435,Transform Your Sales Confidence,https://www.entrepedia.co/library/product/3099e72e-b64a-439a-abf4-7d0949b0e435,Book,book,marketing,Transform Your Sales Confidence,Part of Closing Psychology: Transform Your Sales Confidence.,uploaded,iMU-import\batch-2\the-psychology-of-closing
1,2,bundle_product,the-psychology-of-closing,The Psychology of Closing,https://www.entrepedia.co/library/bundles/the-psychology-of-closing,c1956ce5-9bd9-4a99-9f2c-d7af76dd9f64,Mastering Confident Sales Closing,https://www.entrepedia.co/library/product/c1956ce5-9bd9-4a99-9f2c-d7af76dd9f64,Book,book,marketing,Mastering Confident Sales Closing,Part of Closing Psychology: Mastering Confident Sales Closing.,uploaded,iMU-import\batch-2\the-psychology-of-closing
1,2,bundle_product,the-psychology-of-closing,The Psychology of Closing,https://www.entrepedia.co/library/bundles/the-psychology-of-closing,86816b07-08a7-4abb-86e4-ac5e218804f9,The 3R Method for Objection Handling,https://www.entrepedia.co/library/product/86816b07-08a7-4abb-86e4-ac5e218804f9,Guide,guide,marketing,3R Method for Objection Handling,Part of Closing Psychology: The 3R Method for Objection Handling.,uploaded,iMU-import\batch-2\the-psychology-of-closing
1,2,bundle_product,the-psychology-of-closing,The Psychology of Closing,https://www.entrepedia.co/library/bundles/the-psychology-of-closing,42f23d1d-1d66-41ff-8f3a-ea932137bd5e,The Pre-Call Confidence & Preparation,https://www.entrepedia.co/library/product/42f23d1d-1d66-41ff-8f3a-ea932137bd5e,Book,book,marketing,Pre-Call Confidence & Preparation,Part of Closing Psychology: The Pre-Call Confidence & Preparation.,uploaded,iMU-import\batch-2\the-psychology-of-closing
1,2,bundle_product,the-psychology-of-closing,The Psychology of Closing,https://www.entrepedia.co/library/bundles/the-psychology-of-closing,e5bcddbf-65ac-4434-817f-587710c49cf1,The Psychology of Closing,https://www.entrepedia.co/library/product/e5bcddbf-65ac-4434-817f-587710c49cf1,Book,book,marketing,Closing Psychology,Objection handling and pre-call confidence for high-trust closes.,uploaded,iMU-import\batch-2\the-psychology-of-closing
1,2,bundle_product,the-neuromarketing-edge,The Neuromarketing Edge,https://www.entrepedia.co/library/bundles/the-neuromarketing-edge,721e90d8-3d77-442d-9650-bb3fc7415b20,Marketing to the Subconscious,https://www.entrepedia.co/library/product/721e90d8-3d77-442d-9650-bb3fc7415b20,Book,book,marketing,Marketing to the Subconscious,Part of Neuromarketing Edge: Marketing to the Subconscious.,uploaded,iMU-import\batch-2\the-neuromarketing-edge
1,2,bundle_product,the-neuromarketing-edge,The Neuromarketing Edge,https://www.entrepedia.co/library/bundles/the-neuromarketing-edge,0c792bb5-6723-4b70-864c-de54057a9bf9,"21 Brain Triggers That Make People Stop, Read, and Buy",https://www.entrepedia.co/library/product/0c792bb5-6723-4b70-864c-de54057a9bf9,Listicle,guide,marketing,"21 Brain Triggers That Make People Stop, Read, and Buy","Part of Neuromarketing Edge: 21 Brain Triggers That Make People Stop, Read, and Buy.",uploaded,iMU-import\batch-2\the-neuromarketing-edge
1,2,bundle_product,the-neuromarketing-edge,The Neuromarketing Edge,https://www.entrepedia.co/library/bundles/the-neuromarketing-edge,34c1fe03-cb82-4cd1-ab36-3d3379b1393a,7 Days to Brain-Proof Marketing,https://www.entrepedia.co/library/product/34c1fe03-cb82-4cd1-ab36-3d3379b1393a,Mini-Course,course,marketing,7 Days to Brain-Proof Marketing,Part of Neuromarketing Edge: 7 Days to Brain-Proof Marketing.,uploaded,iMU-import\batch-2\the-neuromarketing-edge
1,2,bundle_product,the-neuromarketing-edge,The Neuromarketing Edge,https://www.entrepedia.co/library/bundles/the-neuromarketing-edge,572dcfd4-ed0b-43f3-a78a-17447db03b41,Put Neuromarketing to Work Today,https://www.entrepedia.co/library/product/572dcfd4-ed0b-43f3-a78a-17447db03b41,Book,book,marketing,Put Neuromarketing to Work Today,Part of Neuromarketing Edge: Put Neuromarketing to Work Today.,uploaded,iMU-import\batch-2\the-neuromarketing-edge
1,2,bundle_product,the-neuromarketing-edge,The Neuromarketing Edge,https://www.entrepedia.co/library/bundles/the-neuromarketing-edge,773d2d42-179f-4e01-b566-c715c2687381,The Complete Neurological Friction Audit,https://www.entrepedia.co/library/product/773d2d42-179f-4e01-b566-c715c2687381,Checklist,guide,marketing,Complete Neurological Friction Audit,Part of Neuromarketing Edge: The Complete Neurological Friction Audit.,uploaded,iMU-import\batch-2\the-neuromarketing-edge
1,2,bundle_product,the-neuromarketing-edge,The Neuromarketing Edge,https://www.entrepedia.co/library/bundles/the-neuromarketing-edge,85c54f8f-ef66-419a-aef2-91a08bc69c97,Is Your Marketing Brain-Ready?,https://www.entrepedia.co/library/product/85c54f8f-ef66-419a-aef2-91a08bc69c97,Book,book,marketing,Is Your Marketing Brain-Ready?,Part of Neuromarketing Edge: Is Your Marketing Brain-Ready?.,uploaded,iMU-import\batch-2\the-neuromarketing-edge
1,2,bundle_product,the-neuromarketing-edge,The Neuromarketing Edge,https://www.entrepedia.co/library/bundles/the-neuromarketing-edge,bdd82f9a-7150-4736-b032-0b28134a137b,The Neuromarketing Edge,https://www.entrepedia.co/library/product/bdd82f9a-7150-4736-b032-0b28134a137b,Book,book,marketing,Neuromarketing Edge,Brain-trigger copy and friction audits for pages that stop the scroll and sell.,uploaded,iMU-import\batch-2\the-neuromarketing-edge
1,2,bundle_product,agency-growth-blueprint,Agency Growth Blueprint,https://www.entrepedia.co/library/bundles/agency-growth-blueprint,98a4ba01-9eb6-45fc-b1af-c204f6938353,Agency Scaling Systems,https://www.entrepedia.co/library/product/98a4ba01-9eb6-45fc-b1af-c204f6938353,Guide,guide,marketing,Agency Scaling Systems,Part of Agency Owner Blueprint: Agency Scaling Systems.,uploaded,iMU-import\batch-2\agency-growth-blueprint
1,2,bundle_product,agency-growth-blueprint,Agency Growth Blueprint,https://www.entrepedia.co/library/bundles/agency-growth-blueprint,984a07a5-09f1-43bb-b720-6e8d1fc8f61c,7 Mistakes That Keep Agencies Stuck in Chaos and Burnout,https://www.entrepedia.co/library/product/984a07a5-09f1-43bb-b720-6e8d1fc8f61c,Listicle,guide,marketing,7 Mistakes That Keep Agencies Stuck in Chaos and Burnout,Part of Agency Owner Blueprint: 7 Mistakes That Keep Agencies Stuck in Chaos and Burnout.,uploaded,iMU-import\batch-2\agency-growth-blueprint
1,2,bundle_product,agency-growth-blueprint,Agency Growth Blueprint,https://www.entrepedia.co/library/bundles/agency-growth-blueprint,e5122d96-4df6-4479-8747-395186cc2d3c,From Agency Operator to Owner,https://www.entrepedia.co/library/product/e5122d96-4df6-4479-8747-395186cc2d3c,Book,book,marketing,From Agency Operator to Owner,Part of Agency Owner Blueprint: From Agency Operator to Owner.,uploaded,iMU-import\batch-2\agency-growth-blueprint
1,2,bundle_product,agency-growth-blueprint,Agency Growth Blueprint,https://www.entrepedia.co/library/bundles/agency-growth-blueprint,d7751c42-3e00-4d20-8d9d-f53237751bb9,Agency Operations & Scaling,https://www.entrepedia.co/library/product/d7751c42-3e00-4d20-8d9d-f53237751bb9,Book,book,marketing,Agency Operations & Scaling,Part of Agency Owner Blueprint: Agency Operations & Scaling.,uploaded,iMU-import\batch-2\agency-growth-blueprint
1,2,bundle_product,agency-growth-blueprint,Agency Growth Blueprint,https://www.entrepedia.co/library/bundles/agency-growth-blueprint,bea79b7f-f8e4-4787-9128-b78568c36077,Agency Transformation Assistant,https://www.entrepedia.co/library/product/bea79b7f-f8e4-4787-9128-b78568c36077,Prompt Pack,guide,marketing,Agency Transformation Assistant,Part of Agency Owner Blueprint: Agency Transformation Assistant.,uploaded,iMU-import\batch-2\agency-growth-blueprint
1,2,bundle_product,agency-growth-blueprint,Agency Growth Blueprint,https://www.entrepedia.co/library/bundles/agency-growth-blueprint,85c9cf4e-4a94-4804-9f68-821ea35409a4,The 90-Day Agency Transformation,https://www.entrepedia.co/library/product/85c9cf4e-4a94-4804-9f68-821ea35409a4,Mini-Course,course,marketing,90-Day Agency Transformation,Part of Agency Owner Blueprint: The 90-Day Agency Transformation.,uploaded,iMU-import\batch-2\agency-growth-blueprint
1,2,bundle_product,agency-growth-blueprint,Agency Growth Blueprint,https://www.entrepedia.co/library/bundles/agency-growth-blueprint,b752006b-8b0a-43b8-ac07-ed19554d262e,The Operator-to-Owner Audit,https://www.entrepedia.co/library/product/b752006b-8b0a-43b8-ac07-ed19554d262e,Checklist,guide,marketing,Operator-to-Owner Audit,Part of Agency Owner Blueprint: The Operator-to-Owner Audit.,uploaded,iMU-import\batch-2\agency-growth-blueprint
1,2,bundle_product,agency-growth-blueprint,Agency Growth Blueprint,https://www.entrepedia.co/library/bundles/agency-growth-blueprint,4a25a683-2222-4e92-b9e1-e2ead568fff9,Agency Growth Blueprint,https://www.entrepedia.co/library/product/4a25a683-2222-4e92-b9e1-e2ead568fff9,Guide,guide,marketing,Agency Owner Blueprint,"Move from operator chaos to owner systems: ops, scaling, and 90-day transformation.",uploaded,iMU-import\batch-2\agency-growth-blueprint
1,3,bundle_product,the-resilient-leader,The Resilient Leader,https://www.entrepedia.co/library/bundles/the-resilient-leader,cfaab94e-37ae-4187-acb9-234d408aadab,Leadership Without Collapse,https://www.entrepedia.co/library/product/cfaab94e-37ae-4187-acb9-234d408aadab,Book,book,personal-development,Leadership Without Collapse,Part of Resilient Leadership: Leadership Without Collapse.,uploaded,iMU-import\batch-3\the-resilient-leader
1,3,bundle_product,the-resilient-leader,The Resilient Leader,https://www.entrepedia.co/library/bundles/the-resilient-leader,68baaf0d-c009-4b90-9816-420365fe595e,13 Signs You're Suppressing Your Crisis Instead of Managing It,https://www.entrepedia.co/library/product/68baaf0d-c009-4b90-9816-420365fe595e,Listicle,guide,personal-development,13 Signs You're Suppressing Your Crisis Instead of Managing It,Part of Resilient Leadership: 13 Signs You're Suppressing Your Crisis Instead of Managing It.,uploaded,iMU-import\batch-3\the-resilient-leader
1,3,bundle_product,the-resilient-leader,The Resilient Leader,https://www.entrepedia.co/library/bundles/the-resilient-leader,0f6a4211-e3fa-414c-a48b-3d0f93200f16,Build Your Crisis-Proof Leadership System,https://www.entrepedia.co/library/product/0f6a4211-e3fa-414c-a48b-3d0f93200f16,Mini-Course,course,personal-development,Build Your Crisis-Proof Leadership System,Part of Resilient Leadership: Build Your Crisis-Proof Leadership System.,uploaded,iMU-import\batch-3\the-resilient-leader
1,3,bundle_product,the-resilient-leader,The Resilient Leader,https://www.entrepedia.co/library/bundles/the-resilient-leader,7c738f27-4469-4ebd-aec7-ab9fe3284143,Disclose Without Losing Authority,https://www.entrepedia.co/library/product/7c738f27-4469-4ebd-aec7-ab9fe3284143,Book,book,personal-development,Disclose Without Losing Authority,Part of Resilient Leadership: Disclose Without Losing Authority.,uploaded,iMU-import\batch-3\the-resilient-leader
1,3,bundle_product,the-resilient-leader,The Resilient Leader,https://www.entrepedia.co/library/bundles/the-resilient-leader,e6fb1c42-6b19-4c97-a1e2-de23fc2fded2,Personal Crisis Pre-Flight Check,https://www.entrepedia.co/library/product/e6fb1c42-6b19-4c97-a1e2-de23fc2fded2,Checklist,guide,personal-development,Personal Crisis Pre-Flight Check,Part of Resilient Leadership: Personal Crisis Pre-Flight Check.,uploaded,iMU-import\batch-3\the-resilient-leader
1,3,bundle_product,the-resilient-leader,The Resilient Leader,https://www.entrepedia.co/library/bundles/the-resilient-leader,fc2e3519-1d80-4d4a-82f9-bbf617229d32,The Resilient Leader,https://www.entrepedia.co/library/product/fc2e3519-1d80-4d4a-82f9-bbf617229d32,Book,book,personal-development,Resilient Leadership,Crisis-proof leadership without collapsing authority or suppressing the hard signal.,uploaded,iMU-import\batch-3\the-resilient-leader
1,3,bundle_product,habits-without-willpower,Habits Without Willpower,https://www.entrepedia.co/library/bundles/habits-without-willpower,156ac1ae-df9c-4092-9eb4-832ddd433afd,The Habit Architecture,https://www.entrepedia.co/library/product/156ac1ae-df9c-4092-9eb4-832ddd433afd,Book,book,personal-development,Habit Architecture,Part of Habit Architecture: The Habit Architecture.,uploaded,iMU-import\batch-3\habits-without-willpower
1,3,bundle_product,habits-without-willpower,Habits Without Willpower,https://www.entrepedia.co/library/bundles/habits-without-willpower,a16d4f8b-f650-43a3-bda0-486b131981ff,13 Mistakes That Trap Everyone in the Restart Cycle,https://www.entrepedia.co/library/product/a16d4f8b-f650-43a3-bda0-486b131981ff,Listicle,guide,personal-development,13 Mistakes That Trap Everyone in the Restart Cycle,Part of Habit Architecture: 13 Mistakes That Trap Everyone in the Restart Cycle.,uploaded,iMU-import\batch-3\habits-without-willpower
1,3,bundle_product,habits-without-willpower,Habits Without Willpower,https://www.entrepedia.co/library/bundles/habits-without-willpower,9d0c03f0-a845-4b6a-b5c4-daf831154309,Make Any Habit Automatic in 7 Days,https://www.entrepedia.co/library/product/9d0c03f0-a845-4b6a-b5c4-daf831154309,Mini-Course,course,personal-development,Make Any Habit Automatic in 7 Days,Part of Habit Architecture: Make Any Habit Automatic in 7 Days.,uploaded,iMU-import\batch-3\habits-without-willpower
1,3,bundle_product,habits-without-willpower,Habits Without Willpower,https://www.entrepedia.co/library/bundles/habits-without-willpower,609bc282-8cdd-439b-b4b6-add9f923d645,Build Unbreakable Daily Routines in 30 Days,https://www.entrepedia.co/library/product/609bc282-8cdd-439b-b4b6-add9f923d645,Book,book,personal-development,Build Unbreakable Daily Routines in 30 Days,Part of Habit Architecture: Build Unbreakable Daily Routines in 30 Days.,uploaded,iMU-import\batch-3\habits-without-willpower
1,3,bundle_product,habits-without-willpower,Habits Without Willpower,https://www.entrepedia.co/library/bundles/habits-without-willpower,811bd83f-d160-4c10-82e0-108112b28b89,The Complete Habit Formation System,https://www.entrepedia.co/library/product/811bd83f-d160-4c10-82e0-108112b28b89,Guide,guide,personal-development,Complete Habit Formation System,Part of Habit Architecture: The Complete Habit Formation System.,uploaded,iMU-import\batch-3\habits-without-willpower
1,3,bundle_product,habits-without-willpower,Habits Without Willpower,https://www.entrepedia.co/library/bundles/habits-without-willpower,7038a885-14dd-4c8a-9e52-45348fb9cb64,Habits Without Willpower,https://www.entrepedia.co/library/product/7038a885-14dd-4c8a-9e52-45348fb9cb64,Book,book,personal-development,Habit Architecture,Automatic routines that stick without relying on willpower spikes.,uploaded,iMU-import\batch-3\habits-without-willpower
1,3,bundle_product,the-neuroscience-of-peak-productivity,The Neuroscience of Peak Productivity,https://www.entrepedia.co/library/bundles/the-neuroscience-of-peak-productivity,2f057ea5-1e85-4d79-b09a-535a648548c4,The Flow Operating System,https://www.entrepedia.co/library/product/2f057ea5-1e85-4d79-b09a-535a648548c4,Guide,guide,personal-development,Flow Operating System,Part of Flow Operating System: The Flow Operating System.,uploaded,iMU-import\batch-3\the-neuroscience-of-peak-productivity
1,3,bundle_product,the-neuroscience-of-peak-productivity,The Neuroscience of Peak Productivity,https://www.entrepedia.co/library/bundles/the-neuroscience-of-peak-productivity,69d4c01a-34af-4531-9b40-fa0e9f917a2a,13 Invisible Focus Killers Blocking Your Flow States,https://www.entrepedia.co/library/product/69d4c01a-34af-4531-9b40-fa0e9f917a2a,Listicle,guide,personal-development,13 Invisible Focus Killers Blocking Your Flow States,Part of Flow Operating System: 13 Invisible Focus Killers Blocking Your Flow States.,uploaded,iMU-import\batch-3\the-neuroscience-of-peak-productivity
1,3,bundle_product,the-neuroscience-of-peak-productivity,The Neuroscience of Peak Productivity,https://www.entrepedia.co/library/bundles/the-neuroscience-of-peak-productivity,4122a9cb-714e-4397-bc02-a377ed07e120,7 Neuroscience-Backed Triggers That Unlock Flow States,https://www.entrepedia.co/library/product/4122a9cb-714e-4397-bc02-a377ed07e120,Listicle,guide,personal-development,7 Neuroscience-Backed Triggers That Unlock Flow States,Part of Flow Operating System: 7 Neuroscience-Backed Triggers That Unlock Flow States.,uploaded,iMU-import\batch-3\the-neuroscience-of-peak-productivity
1,3,bundle_product,the-neuroscience-of-peak-productivity,The Neuroscience of Peak Productivity,https://www.entrepedia.co/library/bundles/the-neuroscience-of-peak-productivity,e73448f6-76cd-4c43-b44d-09aaee352d4f,Flow State Mastery,https://www.entrepedia.co/library/product/e73448f6-76cd-4c43-b44d-09aaee352d4f,Mini-Course,course,personal-development,Flow State Mastery,Part of Flow Operating System: Flow State Mastery.,uploaded,iMU-import\batch-3\the-neuroscience-of-peak-productivity
1,3,bundle_product,the-neuroscience-of-peak-productivity,The Neuroscience of Peak Productivity,https://www.entrepedia.co/library/bundles/the-neuroscience-of-peak-productivity,64ab9c10-6756-4fd7-8e32-88e572e8f80d,The Personal Flow Operating System,https://www.entrepedia.co/library/product/64ab9c10-6756-4fd7-8e32-88e572e8f80d,Guide,guide,personal-development,Personal Flow Operating System,Part of Flow Operating System: The Personal Flow Operating System.,uploaded,iMU-import\batch-3\the-neuroscience-of-peak-productivity
1,3,bundle_product,the-neuroscience-of-peak-productivity,The Neuroscience of Peak Productivity,https://www.entrepedia.co/library/bundles/the-neuroscience-of-peak-productivity,ccf8210b-6182-4800-933b-fec3b941cfed,The Remote Worker's Flow Blueprint,https://www.entrepedia.co/library/product/ccf8210b-6182-4800-933b-fec3b941cfed,Guide,guide,personal-development,Remote Worker's Flow Blueprint,Part of Flow Operating System: The Remote Worker's Flow Blueprint.,uploaded,iMU-import\batch-3\the-neuroscience-of-peak-productivity
1,3,bundle_product,the-neuroscience-of-peak-productivity,The Neuroscience of Peak Productivity,https://www.entrepedia.co/library/bundles/the-neuroscience-of-peak-productivity,143c491e-54f2-4973-8d7f-40ffb23d19c6,The Focus Killer Elimination Audit,https://www.entrepedia.co/library/product/143c491e-54f2-4973-8d7f-40ffb23d19c6,Checklist,guide,personal-development,Focus Killer Elimination Audit,Part of Flow Operating System: The Focus Killer Elimination Audit.,uploaded,iMU-import\batch-3\the-neuroscience-of-peak-productivity
1,3,bundle_product,the-neuroscience-of-peak-productivity,The Neuroscience of Peak Productivity,https://www.entrepedia.co/library/bundles/the-neuroscience-of-peak-productivity,172f085c-4dbb-4506-8bd8-022610e7264c,The Neuroscience of Peak Productivity,https://www.entrepedia.co/library/product/172f085c-4dbb-4506-8bd8-022610e7264c,Book,book,personal-development,Flow Operating System,Neuroscience-backed focus and flow design for remote and desk work.,uploaded,iMU-import\batch-3\the-neuroscience-of-peak-productivity
1,2,bundle_product,building-a-faceless-empire,Building a Faceless Empire,https://www.entrepedia.co/library/bundles/building-a-faceless-empire,e6c7ad66-4a4f-4637-a522-5544082a0fea,Build Without Being Seen,https://www.entrepedia.co/library/product/e6c7ad66-4a4f-4637-a522-5544082a0fea,Book,book,social-media,Build Without Being Seen,Part of Faceless Brand Desk: Build Without Being Seen.,uploaded,iMU-import\batch-2\building-a-faceless-empire
1,2,bundle_product,building-a-faceless-empire,Building a Faceless Empire,https://www.entrepedia.co/library/bundles/building-a-faceless-empire,55cf23f7-0213-4a43-8fb7-73947d481906,21 Faceless Business Models Generating Real Income,https://www.entrepedia.co/library/product/55cf23f7-0213-4a43-8fb7-73947d481906,Book,book,social-media,21 Faceless Business Models Generating Real Income,Part of Faceless Brand Desk: 21 Faceless Business Models Generating Real Income.,uploaded,iMU-import\batch-2\building-a-faceless-empire
1,2,bundle_product,building-a-faceless-empire,Building a Faceless Empire,https://www.entrepedia.co/library/bundles/building-a-faceless-empire,9e5be5ab-60c4-481c-a28c-932e67318abd,The Faceless Launch,https://www.entrepedia.co/library/product/9e5be5ab-60c4-481c-a28c-932e67318abd,Mini-Course,course,social-media,Faceless Launch,Part of Faceless Brand Desk: The Faceless Launch.,uploaded,iMU-import\batch-2\building-a-faceless-empire
1,2,bundle_product,building-a-faceless-empire,Building a Faceless Empire,https://www.entrepedia.co/library/bundles/building-a-faceless-empire,4b753d72-359b-4eae-97b8-510b05d19a97,Faceless Digital Business Builder,https://www.entrepedia.co/library/product/4b753d72-359b-4eae-97b8-510b05d19a97,Book,book,social-media,Faceless Digital Business Builder,Part of Faceless Brand Desk: Faceless Digital Business Builder.,uploaded,iMU-import\batch-2\building-a-faceless-empire
1,2,bundle_product,building-a-faceless-empire,Building a Faceless Empire,https://www.entrepedia.co/library/bundles/building-a-faceless-empire,c70f010f-91ec-4597-975c-e86f75450dd3,The 24-Hour Digital Product Creation Playbook,https://www.entrepedia.co/library/product/c70f010f-91ec-4597-975c-e86f75450dd3,Guide,guide,social-media,24-Hour Digital Product Creation Playbook,Part of Faceless Brand Desk: The 24-Hour Digital Product Creation Playbook.,uploaded,iMU-import\batch-2\building-a-faceless-empire
1,2,bundle_product,building-a-faceless-empire,Building a Faceless Empire,https://www.entrepedia.co/library/bundles/building-a-faceless-empire,3b8ef351-da7e-4e27-af34-8cb74d62c893,The 60-Minute Weekly Content Factory,https://www.entrepedia.co/library/product/3b8ef351-da7e-4e27-af34-8cb74d62c893,Book,book,social-media,60-Minute Weekly Content Factory,Part of Faceless Brand Desk: The 60-Minute Weekly Content Factory.,uploaded,iMU-import\batch-2\building-a-faceless-empire
1,2,bundle_product,building-a-faceless-empire,Building a Faceless Empire,https://www.entrepedia.co/library/bundles/building-a-faceless-empire,fb915be2-edd4-4894-b424-e7dddf18691e,The 7-Day Faceless Brand Launch Blueprint,https://www.entrepedia.co/library/product/fb915be2-edd4-4894-b424-e7dddf18691e,Mini-Course,course,social-media,7-Day Faceless Brand Launch Blueprint,Part of Faceless Brand Desk: The 7-Day Faceless Brand Launch Blueprint.,uploaded,iMU-import\batch-2\building-a-faceless-empire
1,2,bundle_product,building-a-faceless-empire,Building a Faceless Empire,https://www.entrepedia.co/library/bundles/building-a-faceless-empire,30935ed1-bdb7-4e6c-b85a-baa89352b8ff,Building a Faceless Empire,https://www.entrepedia.co/library/product/30935ed1-bdb7-4e6c-b85a-baa89352b8ff,Book,book,social-media,Faceless Brand Desk,Build and monetize digital products without putting your face on every asset.,uploaded,iMU-import\batch-2\building-a-faceless-empire
1,1,bundle_product,the-freelancers-cash-bridge,The Freelancer's Cash Bridge,https://www.entrepedia.co/library/bundles/the-freelancers-cash-bridge,d504809a-3969-41b2-a67f-b4fd0611e720,Fast Cash Freelancer,https://www.entrepedia.co/library/product/d504809a-3969-41b2-a67f-b4fd0611e720,Book,book,wealth-creation,Fast Cash Freelancer,Part of Freelancer Cash Bridge: Fast Cash Freelancer.,downloaded,iMU-import\batch-1\the-freelancers-cash-bridge
1,1,bundle_product,the-freelancers-cash-bridge,The Freelancer's Cash Bridge,https://www.entrepedia.co/library/bundles/the-freelancers-cash-bridge,1f2ae2d5-d967-4131-9659-b14f97761154,13 Cash Bridge Moves Every Freelancer Needs Before Their Next Net-30 Wait,https://www.entrepedia.co/library/product/1f2ae2d5-d967-4131-9659-b14f97761154,Listicle,guide,wealth-creation,13 Cash Bridge Moves Every Freelancer Needs Before Their Next Net-30 Wait,Part of Freelancer Cash Bridge: 13 Cash Bridge Moves Every Freelancer Needs Before Their Next Net-30 Wait.,downloaded,iMU-import\batch-1\the-freelancers-cash-bridge
1,1,bundle_product,the-freelancers-cash-bridge,The Freelancer's Cash Bridge,https://www.entrepedia.co/library/bundles/the-freelancers-cash-bridge,321c3f92-dab4-4e1c-8548-95876fc01399,Build Your First Cash Bridge,https://www.entrepedia.co/library/product/321c3f92-dab4-4e1c-8548-95876fc01399,Mini-Course,course,wealth-creation,Build Your First Cash Bridge,Part of Freelancer Cash Bridge: Build Your First Cash Bridge.,downloaded,iMU-import\batch-1\the-freelancers-cash-bridge
1,1,bundle_product,the-freelancers-cash-bridge,The Freelancer's Cash Bridge,https://www.entrepedia.co/library/bundles/the-freelancers-cash-bridge,da3889b2-8b75-4b0f-91ad-c7b84da3a141,The Freelancer's Fast Cash Strategies,https://www.entrepedia.co/library/product/da3889b2-8b75-4b0f-91ad-c7b84da3a141,Book,book,wealth-creation,Freelancer's Fast Cash Strategies,Part of Freelancer Cash Bridge: The Freelancer's Fast Cash Strategies.,downloaded,iMU-import\batch-1\the-freelancers-cash-bridge
1,1,bundle_product,the-freelancers-cash-bridge,The Freelancer's Cash Bridge,https://www.entrepedia.co/library/bundles/the-freelancers-cash-bridge,2df7f1d1-f2fd-414f-80da-c314603e307d,Productize Any Freelance Skill in One Weekend,https://www.entrepedia.co/library/product/2df7f1d1-f2fd-414f-80da-c314603e307d,Book,book,wealth-creation,Productize Any Freelance Skill in One Weekend,Part of Freelancer Cash Bridge: Productize Any Freelance Skill in One Weekend.,downloaded,iMU-import\batch-1\the-freelancers-cash-bridge
1,1,bundle_product,the-freelancers-cash-bridge,The Freelancer's Cash Bridge,https://www.entrepedia.co/library/bundles/the-freelancers-cash-bridge,84465cd7-3341-47bd-b2cf-080dd2d54d1a,Is Your Marketplace Listing Ready to Publish?,https://www.entrepedia.co/library/product/84465cd7-3341-47bd-b2cf-080dd2d54d1a,Book,book,wealth-creation,Is Your Marketplace Listing Ready to Publish?,Part of Freelancer Cash Bridge: Is Your Marketplace Listing Ready to Publish?.,downloaded,iMU-import\batch-1\the-freelancers-cash-bridge
1,1,bundle_product,the-freelancers-cash-bridge,The Freelancer's Cash Bridge,https://www.entrepedia.co/library/bundles/the-freelancers-cash-bridge,08182e7d-b3cf-49e2-9bcc-0f2a57f8d4c6,The Freelancer's Cash Bridge,https://www.entrepedia.co/library/product/08182e7d-b3cf-49e2-9bcc-0f2a57f8d4c6,Book,book,wealth-creation,Freelancer Cash Bridge,Bridge Net-30 gaps with productized offers and marketplace-ready listings.,downloaded,iMU-import\batch-1\the-freelancers-cash-bridge
1,2,bundle_product,monetizing-attention-without-selling-your-soul,Monetizing Attention Without Selling Your Soul,https://www.entrepedia.co/library/bundles/monetizing-attention-without-selling-your-soul,2906e44a-bf26-4351-8b6b-df88a288c8a6,The Monetization Flywheel,https://www.entrepedia.co/library/product/2906e44a-bf26-4351-8b6b-df88a288c8a6,Book,book,social-media,Monetization Flywheel,Part of Attention Monetization Flywheel: The Monetization Flywheel.,uploaded,iMU-import\batch-2\monetizing-attention-without-selling-your-soul
1,2,bundle_product,monetizing-attention-without-selling-your-soul,Monetizing Attention Without Selling Your Soul,https://www.entrepedia.co/library/bundles/monetizing-attention-without-selling-your-soul,b1466c95-3fca-42af-a23a-00ae214ded97,13 Proven Hook Formulas for Scroll-Stopping Content,https://www.entrepedia.co/library/product/b1466c95-3fca-42af-a23a-00ae214ded97,Listicle,guide,social-media,13 Proven Hook Formulas for Scroll-Stopping Content,Part of Attention Monetization Flywheel: 13 Proven Hook Formulas for Scroll-Stopping Content.,uploaded,iMU-import\batch-2\monetizing-attention-without-selling-your-soul
1,2,bundle_product,monetizing-attention-without-selling-your-soul,Monetizing Attention Without Selling Your Soul,https://www.entrepedia.co/library/bundles/monetizing-attention-without-selling-your-soul,37b9e2e8-1010-4cd1-b780-a832ba7e4aab,7 Monetization Mistakes Sinking Your Creator Business,https://www.entrepedia.co/library/product/37b9e2e8-1010-4cd1-b780-a832ba7e4aab,Listicle,guide,social-media,7 Monetization Mistakes Sinking Your Creator Business,Part of Attention Monetization Flywheel: 7 Monetization Mistakes Sinking Your Creator Business.,uploaded,iMU-import\batch-2\monetizing-attention-without-selling-your-soul
1,2,bundle_product,monetizing-attention-without-selling-your-soul,Monetizing Attention Without Selling Your Soul,https://www.entrepedia.co/library/bundles/monetizing-attention-without-selling-your-soul,d43b2e9d-1282-4a5e-9cbb-358fed8c36b4,The Proven System for Turning Followers into Profit,https://www.entrepedia.co/library/product/d43b2e9d-1282-4a5e-9cbb-358fed8c36b4,Guide,guide,social-media,Proven System for Turning Followers into Profit,Part of Attention Monetization Flywheel: The Proven System for Turning Followers into Profit.,uploaded,iMU-import\batch-2\monetizing-attention-without-selling-your-soul
1,2,bundle_product,monetizing-attention-without-selling-your-soul,Monetizing Attention Without Selling Your Soul,https://www.entrepedia.co/library/bundles/monetizing-attention-without-selling-your-soul,0d18003c-002f-41c3-86f7-85ee3b6caa05,Creator Economy Toolkit,https://www.entrepedia.co/library/product/0d18003c-002f-41c3-86f7-85ee3b6caa05,Book,book,social-media,Creator Economy Toolkit,Part of Attention Monetization Flywheel: Creator Economy Toolkit.,uploaded,iMU-import\batch-2\monetizing-attention-without-selling-your-soul
1,2,bundle_product,monetizing-attention-without-selling-your-soul,Monetizing Attention Without Selling Your Soul,https://www.entrepedia.co/library/bundles/monetizing-attention-without-selling-your-soul,b91ae74d-838a-456d-890a-a0a88bf4fede,The Creator's Profit Assistant,https://www.entrepedia.co/library/product/b91ae74d-838a-456d-890a-a0a88bf4fede,Prompt Pack,guide,social-media,Creator's Profit Assistant,Part of Attention Monetization Flywheel: The Creator's Profit Assistant.,uploaded,iMU-import\batch-2\monetizing-attention-without-selling-your-soul
1,2,bundle_product,monetizing-attention-without-selling-your-soul,Monetizing Attention Without Selling Your Soul,https://www.entrepedia.co/library/bundles/monetizing-attention-without-selling-your-soul,14c62dff-f064-46c7-9434-a8aa8489ee96,Your First Digital Product Launch,https://www.entrepedia.co/library/product/14c62dff-f064-46c7-9434-a8aa8489ee96,Mini-Course,course,social-media,Your First Digital Product Launch,Part of Attention Monetization Flywheel: Your First Digital Product Launch.,uploaded,iMU-import\batch-2\monetizing-attention-without-selling-your-soul
1,2,bundle_product,monetizing-attention-without-selling-your-soul,Monetizing Attention Without Selling Your Soul,https://www.entrepedia.co/library/bundles/monetizing-attention-without-selling-your-soul,3787b290-2fab-4aa6-81cc-4a06e00ee83e,The Scroll-Stopping Content System,https://www.entrepedia.co/library/product/3787b290-2fab-4aa6-81cc-4a06e00ee83e,Guide,guide,social-media,Scroll-Stopping Content System,Part of Attention Monetization Flywheel: The Scroll-Stopping Content System.,uploaded,iMU-import\batch-2\monetizing-attention-without-selling-your-soul
1,2,bundle_product,monetizing-attention-without-selling-your-soul,Monetizing Attention Without Selling Your Soul,https://www.entrepedia.co/library/bundles/monetizing-attention-without-selling-your-soul,d28e5aa1-5830-438f-8e10-f4742ce71505,Hook-Story-Monetize Content Creation,https://www.entrepedia.co/library/product/d28e5aa1-5830-438f-8e10-f4742ce71505,Book,book,social-media,Hook-Story-Monetize Content Creation,Part of Attention Monetization Flywheel: Hook-Story-Monetize Content Creation.,uploaded,iMU-import\batch-2\monetizing-attention-without-selling-your-soul
1,2,bundle_product,monetizing-attention-without-selling-your-soul,Monetizing Attention Without Selling Your Soul,https://www.entrepedia.co/library/bundles/monetizing-attention-without-selling-your-soul,95d7f9f5-b968-45c0-a2a6-ca83cb0e657f,Monetizing Attention Without Selling Your Soul,https://www.entrepedia.co/library/product/95d7f9f5-b968-45c0-a2a6-ca83cb0e657f,Book,book,social-media,Attention Monetization Flywheel,"Turn followers into profit with hooks, digital products, and a clean monetization path.",uploaded,iMU-import\batch-2\monetizing-attention-without-selling-your-soul
1,3,bundle_product,fitness-without-hustle,Fitness Without Hustle,https://www.entrepedia.co/library/bundles/fitness-without-hustle,f2573700-9b3c-470f-aeab-a2dfce747a19,The Energy Advantage,https://www.entrepedia.co/library/product/f2573700-9b3c-470f-aeab-a2dfce747a19,Book,book,fitness-nutrition,Energy Advantage,Part of Fitness Without Hustle: The Energy Advantage.,uploaded,iMU-import\batch-3\fitness-without-hustle
1,3,bundle_product,fitness-without-hustle,Fitness Without Hustle,https://www.entrepedia.co/library/bundles/fitness-without-hustle,78a4d237-caa5-4fc0-bf8b-199092c165a5,7 Fitness Myths Keeping High Performers Burned Out,https://www.entrepedia.co/library/product/78a4d237-caa5-4fc0-bf8b-199092c165a5,Listicle,guide,fitness-nutrition,7 Fitness Myths Keeping High Performers Burned Out,Part of Fitness Without Hustle: 7 Fitness Myths Keeping High Performers Burned Out.,uploaded,iMU-import\batch-3\fitness-without-hustle
1,3,bundle_product,fitness-without-hustle,Fitness Without Hustle,https://www.entrepedia.co/library/bundles/fitness-without-hustle,4727d6c8-ef09-4890-94d5-246e543153a9,The Smarter Way to Stay Fit and Focused,https://www.entrepedia.co/library/product/4727d6c8-ef09-4890-94d5-246e543153a9,Book,book,fitness-nutrition,Smarter Way to Stay Fit and Focused,Part of Fitness Without Hustle: The Smarter Way to Stay Fit and Focused.,uploaded,iMU-import\batch-3\fitness-without-hustle
1,3,bundle_product,fitness-without-hustle,Fitness Without Hustle,https://www.entrepedia.co/library/bundles/fitness-without-hustle,bc1b4cb9-89d6-42cf-8368-ca22bfb0a61d,The 3R Daily Reset System,https://www.entrepedia.co/library/product/bc1b4cb9-89d6-42cf-8368-ca22bfb0a61d,Guide,guide,fitness-nutrition,3R Daily Reset System,Part of Fitness Without Hustle: The 3R Daily Reset System.,uploaded,iMU-import\batch-3\fitness-without-hustle
1,3,bundle_product,fitness-without-hustle,Fitness Without Hustle,https://www.entrepedia.co/library/bundles/fitness-without-hustle,0ed5697b-cfc0-4e65-a335-3d07a80dcc4c,Fitness Without Hustle,https://www.entrepedia.co/library/product/0ed5697b-cfc0-4e65-a335-3d07a80dcc4c,Book,book,fitness-nutrition,Fitness Without Hustle,Sustainable energy and reset systems for high performers who refuse burnout fitness.,uploaded,iMU-import\batch-3\fitness-without-hustle
1,3,bundle_product,working-smarter-with-virtual-assistants,Working Smarter with Virtual Assistants,https://www.entrepedia.co/library/bundles/working-smarter-with-virtual-assistants,22dbdbbe-66bc-4faa-96dd-1d83cf11c5fa,Escape the Founder Bottleneck,https://www.entrepedia.co/library/product/22dbdbbe-66bc-4faa-96dd-1d83cf11c5fa,Book,book,personal-development,Escape the Founder Bottleneck,Part of VA Desk Systems: Escape the Founder Bottleneck.,uploaded,iMU-import\batch-3\working-smarter-with-virtual-assistants
1,3,bundle_product,working-smarter-with-virtual-assistants,Working Smarter with Virtual Assistants,https://www.entrepedia.co/library/bundles/working-smarter-with-virtual-assistants,eb9c2124-d0d1-4b63-a50e-7b199b8392ff,13 Red Flags Your VA System Is Broken,https://www.entrepedia.co/library/product/eb9c2124-d0d1-4b63-a50e-7b199b8392ff,Listicle,guide,personal-development,13 Red Flags Your VA System Is Broken,Part of VA Desk Systems: 13 Red Flags Your VA System Is Broken.,uploaded,iMU-import\batch-3\working-smarter-with-virtual-assistants
1,3,bundle_product,working-smarter-with-virtual-assistants,Working Smarter with Virtual Assistants,https://www.entrepedia.co/library/bundles/working-smarter-with-virtual-assistants,acd52a3d-fee6-43fe-8d04-3f1c9b51dfa4,7 Delegation Mistakes Stealing Your Time With VAs,https://www.entrepedia.co/library/product/acd52a3d-fee6-43fe-8d04-3f1c9b51dfa4,Listicle,guide,personal-development,7 Delegation Mistakes Stealing Your Time With VAs,Part of VA Desk Systems: 7 Delegation Mistakes Stealing Your Time With VAs.,uploaded,iMU-import\batch-3\working-smarter-with-virtual-assistants
1,3,bundle_product,working-smarter-with-virtual-assistants,Working Smarter with Virtual Assistants,https://www.entrepedia.co/library/bundles/working-smarter-with-virtual-assistants,efe2aa3f-1664-4744-bbd3-a3ec3b8e915b,Buy Back Your Week with VA,https://www.entrepedia.co/library/product/efe2aa3f-1664-4744-bbd3-a3ec3b8e915b,Book,book,personal-development,Buy Back Your Week with VA,Part of VA Desk Systems: Buy Back Your Week with VA.,uploaded,iMU-import\batch-3\working-smarter-with-virtual-assistants
1,3,bundle_product,working-smarter-with-virtual-assistants,Working Smarter with Virtual Assistants,https://www.entrepedia.co/library/bundles/working-smarter-with-virtual-assistants,4c82d2bf-4f88-472c-bee5-80bba0223549,Virtual Team Management,https://www.entrepedia.co/library/product/4c82d2bf-4f88-472c-bee5-80bba0223549,Book,book,personal-development,Virtual Team Management,Part of VA Desk Systems: Virtual Team Management.,uploaded,iMU-import\batch-3\working-smarter-with-virtual-assistants
1,3,bundle_product,working-smarter-with-virtual-assistants,Working Smarter with Virtual Assistants,https://www.entrepedia.co/library/bundles/working-smarter-with-virtual-assistants,600fd286-17d3-41bf-824a-595061eb5b9d,The Virtual Assistant Management,https://www.entrepedia.co/library/product/600fd286-17d3-41bf-824a-595061eb5b9d,Prompt Pack,guide,personal-development,Virtual Assistant Management,Part of VA Desk Systems: The Virtual Assistant Management.,uploaded,iMU-import\batch-3\working-smarter-with-virtual-assistants
1,3,bundle_product,working-smarter-with-virtual-assistants,Working Smarter with Virtual Assistants,https://www.entrepedia.co/library/bundles/working-smarter-with-virtual-assistants,8dca028e-9ffb-492b-ac9e-f33007a7aeed,Virtual Assistant Onboarding,https://www.entrepedia.co/library/product/8dca028e-9ffb-492b-ac9e-f33007a7aeed,Prompt Pack,guide,personal-development,Virtual Assistant Onboarding,Part of VA Desk Systems: Virtual Assistant Onboarding.,uploaded,iMU-import\batch-3\working-smarter-with-virtual-assistants
1,3,bundle_product,working-smarter-with-virtual-assistants,Working Smarter with Virtual Assistants,https://www.entrepedia.co/library/bundles/working-smarter-with-virtual-assistants,d3989d21-1ab6-4aa5-b0bb-bca4e2082906,Preparing Your Business for Virtual Assistant Success,https://www.entrepedia.co/library/product/d3989d21-1ab6-4aa5-b0bb-bca4e2082906,Prompt Pack,guide,personal-development,Preparing Your Business for Virtual Assistant Success,Part of VA Desk Systems: Preparing Your Business for Virtual Assistant Success.,uploaded,iMU-import\batch-3\working-smarter-with-virtual-assistants
1,3,bundle_product,working-smarter-with-virtual-assistants,Working Smarter with Virtual Assistants,https://www.entrepedia.co/library/bundles/working-smarter-with-virtual-assistants,7a09fcf0-908b-40c8-9dca-cec5e5b7a3c6,The Virtual Assistant Hiring Readiness,https://www.entrepedia.co/library/product/7a09fcf0-908b-40c8-9dca-cec5e5b7a3c6,Prompt Pack,guide,personal-development,Virtual Assistant Hiring Readiness,Part of VA Desk Systems: The Virtual Assistant Hiring Readiness.,uploaded,iMU-import\batch-3\working-smarter-with-virtual-assistants
1,3,bundle_product,working-smarter-with-virtual-assistants,Working Smarter with Virtual Assistants,https://www.entrepedia.co/library/bundles/working-smarter-with-virtual-assistants,a5a42240-7d1f-450e-81a6-5747de764880,Working Smarter with Virtual Assistants,https://www.entrepedia.co/library/product/a5a42240-7d1f-450e-81a6-5747de764880,Prompt Pack,guide,personal-development,VA Desk Systems,"Hire, onboard, and delegate so the founder stops being the bottleneck.",uploaded,iMU-import\batch-3\working-smarter-with-virtual-assistants
1,1,standalone_series,,Beyond the Side Hustle,,2a406523-6193-4889-8b78-26077db61e41,Beyond the Side Hustle,https://www.entrepedia.co/library/product/2a406523-6193-4889-8b78-26077db61e41,Audio,audio,wealth-creation,Beyond the Side Hustle (Audio),Score income models before you sink capital into the wrong passive bet.,downloaded,iMU-import\batch-1\beyond-side-hustle
1,1,standalone_series,,Beyond the Side Hustle,,8eafc1b7-3f6c-4269-90f4-a9c4c8041f8c,"7 Passive Income Lies That Cost First-Time Builders $20,000",https://www.entrepedia.co/library/product/8eafc1b7-3f6c-4269-90f4-a9c4c8041f8c,Listicle,guide,wealth-creation,Seven Passive Income Lies,Kill the myths that burn first-time builders before a real stream exists.,downloaded,iMU-import\batch-1\beyond-side-hustle
1,1,standalone_series,,Beyond the Side Hustle,,d1b72a53-30a8-4512-b599-b399ffdf17f6,Build Your First Passive Income Stream,https://www.entrepedia.co/library/product/d1b72a53-30a8-4512-b599-b399ffdf17f6,Mini-Course,course,wealth-creation,First Passive Income Stream,Step-by-step build of one passive stream with a clear handoff to systems.,downloaded,iMU-import\batch-1\beyond-side-hustle
1,1,standalone_series,,Beyond the Side Hustle,,e8eb587f-d1e1-49eb-9fd2-45b3f1d650ae,Passive Income Build & Systematize,https://www.entrepedia.co/library/product/e8eb587f-d1e1-49eb-9fd2-45b3f1d650ae,Prompt Pack,guide,wealth-creation,Passive Income Build Prompts,"AI prompts to score ideas, run a 90-day launch, and go hands-off.",downloaded,iMU-import\batch-1\beyond-side-hustle
1,1,standalone_series,,Beyond the Side Hustle,,42580bd1-7dfb-4ee3-86fc-a1ff1305e077,Score Your Passive Income Idea in 30 Minutes,https://www.entrepedia.co/library/product/42580bd1-7dfb-4ee3-86fc-a1ff1305e077,Guide,guide,wealth-creation,30-Minute Passive Idea Score,Cost / Effort / Return scoring before you commit capital.,downloaded,iMU-import\batch-1\beyond-side-hustle
1,1,standalone_series,,Beyond the Side Hustle,,cc4987b6-0fe0-472e-b315-5fe86d845f3b,Pick Your Passive Income Stream,https://www.entrepedia.co/library/product/cc4987b6-0fe0-472e-b315-5fe86d845f3b,Book,book,wealth-creation,Pick Your Passive Stream,CER framework for choosing a lasting income model.,downloaded,iMU-import\batch-1\beyond-side-hustle
1,1,standalone_series,,Cost Control That Compounds,,e224aaf1-1d7d-49a1-b58b-526cb36ae556,Cost Control That Compounds,https://www.entrepedia.co/library/product/e224aaf1-1d7d-49a1-b58b-526cb36ae556,Audio,audio,wealth-creation,Cost Control That Compounds,Cut costs without cutting the revenue engine.,downloaded,iMU-import\batch-1\beyond-side-hustle
